{
	"credit": "Made with love by KooriKitsune38",
	"texture_size": [32, 32],
	"textures": {
		"8": "dream_hood/klinth_texture"
	},
	"elements": [
		{
			"name": "plant_stem",
			"from": [7, 7, 7],
			"to": [8, 10, 8],
			"rotation": {"angle": 0, "axis": "y", "origin": [8.51724, 6.37931, 7.34483]},
			"faces": {
				"north": {"uv": [4.5, 7, 5, 8.5], "texture": "#8"},
				"east": {"uv": [5, 7, 5.5, 8.5], "texture": "#8"},
				"south": {"uv": [5.5, 7, 6, 8.5], "texture": "#8"},
				"west": {"uv": [6, 7, 6.5, 8.5], "texture": "#8"},
				"up": {"uv": [9.5, 1.5, 9, 1], "texture": "#8"},
				"down": {"uv": [9.5, 1.5, 9, 2], "texture": "#8"}
			}
		},
		{
			"name": "plant_stem1",
			"from": [8, 8, 7],
			"to": [9, 9, 8],
			"rotation": {"angle": 0, "axis": "y", "origin": [8.51724, 6.37931, 7.34483]},
			"faces": {
				"north": {"uv": [2, 9, 2.5, 9.5], "texture": "#8"},
				"east": {"uv": [9, 4, 9.5, 4.5], "texture": "#8"},
				"south": {"uv": [4.5, 9, 5, 9.5], "texture": "#8"},
				"west": {"uv": [9, 4.5, 9.5, 5], "texture": "#8"},
				"up": {"uv": [5.5, 9.5, 5, 9], "texture": "#8"},
				"down": {"uv": [9.5, 5, 9, 5.5], "texture": "#8"}
			}
		},
		{
			"name": "plant_core",
			"from": [6, 10, 7],
			"to": [9, 11, 8],
			"rotation": {"angle": 0, "axis": "y", "origin": [8.51724, 6.37931, 7.34483]},
			"faces": {
				"north": {"uv": [6.5, 5.5, 8, 6], "texture": "#8"},
				"east": {"uv": [5.5, 9, 6, 9.5], "texture": "#8"},
				"south": {"uv": [6.5, 6, 8, 6.5], "texture": "#8"},
				"west": {"uv": [6, 9, 6.5, 9.5], "texture": "#8"},
				"up": {"uv": [8, 7.5, 6.5, 7], "texture": "#8"},
				"down": {"uv": [9, 1, 7.5, 1.5], "texture": "#8"}
			}
		},
		{
			"name": "plant_core1",
			"from": [7, 10, 6],
			"to": [8, 11, 9],
			"rotation": {"angle": 0, "axis": "y", "origin": [8.51724, 6.37931, 7.34483]},
			"faces": {
				"north": {"uv": [6.5, 9, 7, 9.5], "texture": "#8"},
				"east": {"uv": [7.5, 1.5, 9, 2], "texture": "#8"},
				"south": {"uv": [7, 9, 7.5, 9.5], "texture": "#8"},
				"west": {"uv": [6.5, 7.5, 8, 8], "texture": "#8"},
				"up": {"uv": [0.5, 9.5, 0, 8], "texture": "#8"},
				"down": {"uv": [1, 8, 0.5, 9.5], "texture": "#8"}
			}
		},
		{
			"name": "plant_core2",
			"from": [7, 11, 7],
			"to": [8, 13, 8],
			"rotation": {"angle": 0, "axis": "y", "origin": [8.51724, 6.37931, 7.34483]},
			"faces": {
				"north": {"uv": [1, 8, 1.5, 9], "texture": "#8"},
				"east": {"uv": [8, 5.5, 8.5, 6.5], "texture": "#8"},
				"south": {"uv": [6.5, 8, 7, 9], "texture": "#8"},
				"west": {"uv": [8, 6.5, 8.5, 7.5], "texture": "#8"},
				"up": {"uv": [8, 9.5, 7.5, 9], "texture": "#8"},
				"down": {"uv": [9.5, 7.5, 9, 8], "texture": "#8"}
			}
		},
		{
			"name": "plant_petal",
			"from": [8, 11, 8],
			"to": [10, 12, 9],
			"rotation": {"angle": 0, "axis": "y", "origin": [8.51724, 6.37931, 7.34483]},
			"faces": {
				"north": {"uv": [7, 8, 8, 8.5], "texture": "#8"},
				"east": {"uv": [9, 8, 9.5, 8.5], "texture": "#8"},
				"south": {"uv": [8, 7.5, 9, 8], "texture": "#8"},
				"west": {"uv": [9, 8.5, 9.5, 9], "texture": "#8"},
				"up": {"uv": [9, 8.5, 8, 8], "texture": "#8"},
				"down": {"uv": [2.5, 8.5, 1.5, 9], "texture": "#8"}
			}
		},
		{
			"name": "plant_petal.1",
			"from": [8, 11, 9],
			"to": [9, 12, 10],
			"rotation": {"angle": 0, "axis": "y", "origin": [8.51724, 6.37931, 7.34483]},
			"faces": {
				"north": {"uv": [9, 9, 9.5, 9.5], "texture": "#8"},
				"east": {"uv": [0, 9.5, 0.5, 10], "texture": "#8"},
				"south": {"uv": [0.5, 9.5, 1, 10], "texture": "#8"},
				"west": {"uv": [1, 9.5, 1.5, 10], "texture": "#8"},
				"up": {"uv": [10, 1.5, 9.5, 1], "texture": "#8"},
				"down": {"uv": [2, 9.5, 1.5, 10], "texture": "#8"}
			}
		},
		{
			"name": "plant_petal.2",
			"from": [9, 10, 9],
			"to": [10, 11, 10],
			"rotation": {"angle": 0, "axis": "y", "origin": [8.51724, 6.37931, 7.34483]},
			"faces": {
				"north": {"uv": [9.5, 1.5, 10, 2], "texture": "#8"},
				"east": {"uv": [2, 9.5, 2.5, 10], "texture": "#8"},
				"south": {"uv": [9.5, 2, 10, 2.5], "texture": "#8"},
				"west": {"uv": [2.5, 9.5, 3, 10], "texture": "#8"},
				"up": {"uv": [10, 3, 9.5, 2.5], "texture": "#8"},
				"down": {"uv": [3.5, 9.5, 3, 10], "texture": "#8"}
			}
		},
		{
			"name": "plant_petal1",
			"from": [5, 11, 8],
			"to": [7, 12, 9],
			"rotation": {"angle": 0, "axis": "y", "origin": [8.51724, 6.37931, 7.34483]},
			"faces": {
				"north": {"uv": [4.5, 8.5, 5.5, 9], "texture": "#8"},
				"east": {"uv": [9.5, 3, 10, 3.5], "texture": "#8"},
				"south": {"uv": [5.5, 8.5, 6.5, 9], "texture": "#8"},
				"west": {"uv": [3.5, 9.5, 4, 10], "texture": "#8"},
				"up": {"uv": [9.5, 6, 8.5, 5.5], "texture": "#8"},
				"down": {"uv": [9.5, 6, 8.5, 6.5], "texture": "#8"}
			}
		},
		{
			"name": "plant_petal1.1",
			"from": [6, 11, 9],
			"to": [7, 12, 10],
			"rotation": {"angle": 0, "axis": "y", "origin": [8.51724, 6.37931, 7.34483]},
			"faces": {
				"north": {"uv": [9.5, 3.5, 10, 4], "texture": "#8"},
				"east": {"uv": [4, 9.5, 4.5, 10], "texture": "#8"},
				"south": {"uv": [9.5, 4, 10, 4.5], "texture": "#8"},
				"west": {"uv": [4.5, 9.5, 5, 10], "texture": "#8"},
				"up": {"uv": [10, 5, 9.5, 4.5], "texture": "#8"},
				"down": {"uv": [5.5, 9.5, 5, 10], "texture": "#8"}
			}
		},
		{
			"name": "plant_petal1.2",
			"from": [5, 10, 9],
			"to": [6, 11, 10],
			"rotation": {"angle": 0, "axis": "y", "origin": [8.51724, 6.37931, 7.34483]},
			"faces": {
				"north": {"uv": [9.5, 5, 10, 5.5], "texture": "#8"},
				"east": {"uv": [5.5, 9.5, 6, 10], "texture": "#8"},
				"south": {"uv": [9.5, 5.5, 10, 6], "texture": "#8"},
				"west": {"uv": [6, 9.5, 6.5, 10], "texture": "#8"},
				"up": {"uv": [10, 6.5, 9.5, 6], "texture": "#8"},
				"down": {"uv": [7, 9.5, 6.5, 10], "texture": "#8"}
			}
		},
		{
			"name": "plant_petal2",
			"from": [6, 11, 5],
			"to": [7, 12, 7],
			"rotation": {"angle": 0, "axis": "y", "origin": [8.51724, 6.37931, 7.34483]},
			"faces": {
				"north": {"uv": [9.5, 6.5, 10, 7], "texture": "#8"},
				"east": {"uv": [8.5, 6.5, 9.5, 7], "texture": "#8"},
				"south": {"uv": [7, 9.5, 7.5, 10], "texture": "#8"},
				"west": {"uv": [7, 8.5, 8, 9], "texture": "#8"},
				"up": {"uv": [8.5, 9.5, 8, 8.5], "texture": "#8"},
				"down": {"uv": [9, 8.5, 8.5, 9.5], "texture": "#8"}
			}
		},
		{
			"name": "plant_petal2.1",
			"from": [5, 11, 6],
			"to": [6, 12, 7],
			"rotation": {"angle": 0, "axis": "y", "origin": [8.51724, 6.37931, 7.34483]},
			"faces": {
				"north": {"uv": [9.5, 7, 10, 7.5], "texture": "#8"},
				"east": {"uv": [7.5, 9.5, 8, 10], "texture": "#8"},
				"south": {"uv": [9.5, 7.5, 10, 8], "texture": "#8"},
				"west": {"uv": [8, 9.5, 8.5, 10], "texture": "#8"},
				"up": {"uv": [10, 8.5, 9.5, 8], "texture": "#8"},
				"down": {"uv": [9, 9.5, 8.5, 10], "texture": "#8"}
			}
		},
		{
			"name": "plant_petal2.2",
			"from": [5, 10, 5],
			"to": [6, 11, 6],
			"rotation": {"angle": 0, "axis": "y", "origin": [8.51724, 6.37931, 7.34483]},
			"faces": {
				"north": {"uv": [9.5, 8.5, 10, 9], "texture": "#8"},
				"east": {"uv": [9, 9.5, 9.5, 10], "texture": "#8"},
				"south": {"uv": [9.5, 9, 10, 9.5], "texture": "#8"},
				"west": {"uv": [9.5, 9.5, 10, 10], "texture": "#8"},
				"up": {"uv": [0.5, 10.5, 0, 10], "texture": "#8"},
				"down": {"uv": [10.5, 0, 10, 0.5], "texture": "#8"}
			}
		},
		{
			"name": "plant_petal3",
			"from": [8, 11, 6],
			"to": [10, 12, 7],
			"rotation": {"angle": 0, "axis": "y", "origin": [8.51724, 6.37931, 7.34483]},
			"faces": {
				"north": {"uv": [8.5, 7, 9.5, 7.5], "texture": "#8"},
				"east": {"uv": [0.5, 10, 1, 10.5], "texture": "#8"},
				"south": {"uv": [9, 0, 10, 0.5], "texture": "#8"},
				"west": {"uv": [10, 0.5, 10.5, 1], "texture": "#8"},
				"up": {"uv": [10, 1, 9, 0.5], "texture": "#8"},
				"down": {"uv": [2, 9, 1, 9.5], "texture": "#8"}
			}
		},
		{
			"name": "plant_petal3.1",
			"from": [8, 11, 5],
			"to": [9, 12, 6],
			"rotation": {"angle": 0, "axis": "y", "origin": [8.51724, 6.37931, 7.34483]},
			"faces": {
				"north": {"uv": [1, 10, 1.5, 10.5], "texture": "#8"},
				"east": {"uv": [10, 1, 10.5, 1.5], "texture": "#8"},
				"south": {"uv": [1.5, 10, 2, 10.5], "texture": "#8"},
				"west": {"uv": [10, 1.5, 10.5, 2], "texture": "#8"},
				"up": {"uv": [2.5, 10.5, 2, 10], "texture": "#8"},
				"down": {"uv": [10.5, 2, 10, 2.5], "texture": "#8"}
			}
		},
		{
			"name": "plant_petal3.2",
			"from": [9, 10, 5],
			"to": [10, 11, 6],
			"rotation": {"angle": 0, "axis": "y", "origin": [8.51724, 6.37931, 7.34483]},
			"faces": {
				"north": {"uv": [2.5, 10, 3, 10.5], "texture": "#8"},
				"east": {"uv": [10, 2.5, 10.5, 3], "texture": "#8"},
				"south": {"uv": [3, 10, 3.5, 10.5], "texture": "#8"},
				"west": {"uv": [10, 3, 10.5, 3.5], "texture": "#8"},
				"up": {"uv": [4, 10.5, 3.5, 10], "texture": "#8"},
				"down": {"uv": [10.5, 3.5, 10, 4], "texture": "#8"}
			}
		},
		{
			"name": "plant_petal_middle",
			"from": [8, 11, 7],
			"to": [9, 12, 8],
			"rotation": {"angle": 0, "axis": "y", "origin": [8.51724, 6.37931, 7.34483]},
			"faces": {
				"north": {"uv": [4, 10, 4.5, 10.5], "texture": "#8"},
				"east": {"uv": [10, 4, 10.5, 4.5], "texture": "#8"},
				"south": {"uv": [4.5, 10, 5, 10.5], "texture": "#8"},
				"west": {"uv": [10, 4.5, 10.5, 5], "texture": "#8"},
				"up": {"uv": [5.5, 10.5, 5, 10], "texture": "#8"},
				"down": {"uv": [10.5, 5, 10, 5.5], "texture": "#8"}
			}
		},
		{
			"name": "plant_petal_middle1",
			"from": [6, 11, 7],
			"to": [7, 12, 8],
			"rotation": {"angle": 0, "axis": "y", "origin": [8.51724, 6.37931, 7.34483]},
			"faces": {
				"north": {"uv": [5.5, 10, 6, 10.5], "texture": "#8"},
				"east": {"uv": [10, 5.5, 10.5, 6], "texture": "#8"},
				"south": {"uv": [6, 10, 6.5, 10.5], "texture": "#8"},
				"west": {"uv": [10, 6, 10.5, 6.5], "texture": "#8"},
				"up": {"uv": [7, 10.5, 6.5, 10], "texture": "#8"},
				"down": {"uv": [10.5, 6.5, 10, 7], "texture": "#8"}
			}
		},
		{
			"name": "plant_petal_middle2",
			"from": [7, 11, 8],
			"to": [8, 12, 9],
			"rotation": {"angle": 0, "axis": "y", "origin": [8.51724, 6.37931, 7.34483]},
			"faces": {
				"north": {"uv": [7, 10, 7.5, 10.5], "texture": "#8"},
				"east": {"uv": [10, 7, 10.5, 7.5], "texture": "#8"},
				"south": {"uv": [7.5, 10, 8, 10.5], "texture": "#8"},
				"west": {"uv": [10, 7.5, 10.5, 8], "texture": "#8"},
				"up": {"uv": [8.5, 10.5, 8, 10], "texture": "#8"},
				"down": {"uv": [10.5, 8, 10, 8.5], "texture": "#8"}
			}
		},
		{
			"name": "plant_petal_middle3",
			"from": [7, 11, 6],
			"to": [8, 12, 7],
			"rotation": {"angle": 0, "axis": "y", "origin": [8.51724, 6.37931, 7.34483]},
			"faces": {
				"north": {"uv": [8.5, 10, 9, 10.5], "texture": "#8"},
				"east": {"uv": [10, 8.5, 10.5, 9], "texture": "#8"},
				"south": {"uv": [9, 10, 9.5, 10.5], "texture": "#8"},
				"west": {"uv": [10, 9, 10.5, 9.5], "texture": "#8"},
				"up": {"uv": [10, 10.5, 9.5, 10], "texture": "#8"},
				"down": {"uv": [10.5, 9.5, 10, 10], "texture": "#8"}
			}
		},
		{
			"name": "core_base",
			"from": [6, 6, 6],
			"to": [9, 7, 9],
			"rotation": {"angle": 0, "axis": "y", "origin": [8.51724, 6.37931, 7.34483]},
			"faces": {
				"north": {"uv": [8, 2, 9.5, 2.5], "texture": "#8"},
				"east": {"uv": [8, 2.5, 9.5, 3], "texture": "#8"},
				"south": {"uv": [8, 3, 9.5, 3.5], "texture": "#8"},
				"west": {"uv": [8, 3.5, 9.5, 4], "texture": "#8"},
				"up": {"uv": [1.5, 1.5, 0, 0], "texture": "#8"},
				"down": {"uv": [1.5, 1.5, 0, 3], "texture": "#8"}
			}
		},
		{
			"name": "ring_1",
			"from": [2, 12, 5],
			"to": [3, 13, 10],
			"rotation": {"angle": 0, "axis": "y", "origin": [8.51724, 6.37931, 7.34483]},
			"faces": {
				"north": {"uv": [10, 10, 10.5, 10.5], "texture": "#8"},
				"east": {"uv": [1.5, 0, 4, 0.5], "texture": "#8"},
				"south": {"uv": [0, 10.5, 0.5, 11], "texture": "#8"},
				"west": {"uv": [1.5, 0.5, 4, 1], "texture": "#8"},
				"up": {"uv": [2, 3.5, 1.5, 1], "texture": "#8"},
				"down": {"uv": [2.5, 1, 2, 3.5], "texture": "#8"}
			}
		},
		{
			"name": "ring_1.1",
			"from": [12, 6, 5],
			"to": [13, 7, 10],
			"rotation": {"angle": 0, "axis": "y", "origin": [8.51724, 6.37931, 7.34483]},
			"faces": {
				"north": {"uv": [10.5, 0, 11, 0.5], "texture": "#8"},
				"east": {"uv": [2.5, 1, 5, 1.5], "texture": "#8"},
				"south": {"uv": [0.5, 10.5, 1, 11], "texture": "#8"},
				"west": {"uv": [2.5, 1.5, 5, 2], "texture": "#8"},
				"up": {"uv": [3, 4.5, 2.5, 2], "texture": "#8"},
				"down": {"uv": [0.5, 3, 0, 5.5], "texture": "#8"}
			}
		},
		{
			"name": "ring_1.2",
			"from": [11, 7, 10],
			"to": [12, 8, 11],
			"rotation": {"angle": 0, "axis": "y", "origin": [8.51724, 6.37931, 7.34483]},
			"faces": {
				"north": {"uv": [10.5, 0.5, 11, 1], "texture": "#8"},
				"east": {"uv": [1, 10.5, 1.5, 11], "texture": "#8"},
				"south": {"uv": [10.5, 1, 11, 1.5], "texture": "#8"},
				"west": {"uv": [1.5, 10.5, 2, 11], "texture": "#8"},
				"up": {"uv": [11, 2, 10.5, 1.5], "texture": "#8"},
				"down": {"uv": [2.5, 10.5, 2, 11], "texture": "#8"}
			}
		},
		{
			"name": "ring_1.3",
			"from": [11, 7, 4],
			"to": [12, 8, 5],
			"rotation": {"angle": 0, "axis": "y", "origin": [8.51724, 6.37931, 7.34483]},
			"faces": {
				"north": {"uv": [10.5, 2, 11, 2.5], "texture": "#8"},
				"east": {"uv": [2.5, 10.5, 3, 11], "texture": "#8"},
				"south": {"uv": [10.5, 2.5, 11, 3], "texture": "#8"},
				"west": {"uv": [3, 10.5, 3.5, 11], "texture": "#8"},
				"up": {"uv": [11, 3.5, 10.5, 3], "texture": "#8"},
				"down": {"uv": [4, 10.5, 3.5, 11], "texture": "#8"}
			}
		},
		{
			"name": "ring_1.4",
			"from": [3, 11, 10],
			"to": [4, 12, 11],
			"rotation": {"angle": 0, "axis": "y", "origin": [8.51724, 6.37931, 7.34483]},
			"faces": {
				"north": {"uv": [10.5, 3.5, 11, 4], "texture": "#8"},
				"east": {"uv": [4, 10.5, 4.5, 11], "texture": "#8"},
				"south": {"uv": [10.5, 4, 11, 4.5], "texture": "#8"},
				"west": {"uv": [4.5, 10.5, 5, 11], "texture": "#8"},
				"up": {"uv": [11, 5, 10.5, 4.5], "texture": "#8"},
				"down": {"uv": [5.5, 10.5, 5, 11], "texture": "#8"}
			}
		},
		{
			"name": "ring_1.5",
			"from": [3, 11, 4],
			"to": [4, 12, 5],
			"rotation": {"angle": 0, "axis": "y", "origin": [8.51724, 6.37931, 7.34483]},
			"faces": {
				"north": {"uv": [10.5, 5, 11, 5.5], "texture": "#8"},
				"east": {"uv": [5.5, 10.5, 6, 11], "texture": "#8"},
				"south": {"uv": [10.5, 5.5, 11, 6], "texture": "#8"},
				"west": {"uv": [6, 10.5, 6.5, 11], "texture": "#8"},
				"up": {"uv": [11, 6.5, 10.5, 6], "texture": "#8"},
				"down": {"uv": [7, 10.5, 6.5, 11], "texture": "#8"}
			}
		},
		{
			"name": "ring_2",
			"from": [12.03448, 12, 4.68966],
			"to": [13.03448, 13, 9.68966],
			"rotation": {"angle": 0, "axis": "y", "origin": [8.51724, 6.37931, 7.34483]},
			"faces": {
				"north": {"uv": [10.5, 6.5, 11, 7], "texture": "#8"},
				"east": {"uv": [3, 2, 5.5, 2.5], "texture": "#8"},
				"south": {"uv": [7, 10.5, 7.5, 11], "texture": "#8"},
				"west": {"uv": [3, 2.5, 5.5, 3], "texture": "#8"},
				"up": {"uv": [1, 5.5, 0.5, 3], "texture": "#8"},
				"down": {"uv": [1.5, 3, 1, 5.5], "texture": "#8"}
			}
		},
		{
			"name": "ring_2.15",
			"from": [2.03448, 6, 4.68966],
			"to": [3.03448, 7, 9.68966],
			"rotation": {"angle": 0, "axis": "y", "origin": [8.51724, 6.37931, 7.34483]},
			"faces": {
				"north": {"uv": [10.5, 7, 11, 7.5], "texture": "#8"},
				"east": {"uv": [3, 3, 5.5, 3.5], "texture": "#8"},
				"south": {"uv": [7.5, 10.5, 8, 11], "texture": "#8"},
				"west": {"uv": [3, 3.5, 5.5, 4], "texture": "#8"},
				"up": {"uv": [2, 6, 1.5, 3.5], "texture": "#8"},
				"down": {"uv": [2.5, 3.5, 2, 6], "texture": "#8"}
			}
		},
		{
			"name": "ring_2.25",
			"from": [3.03448, 7, 3.68966],
			"to": [4.03448, 8, 4.68966],
			"rotation": {"angle": 0, "axis": "y", "origin": [8.51724, 6.37931, 7.34483]},
			"faces": {
				"north": {"uv": [10.5, 7.5, 11, 8], "texture": "#8"},
				"east": {"uv": [8, 10.5, 8.5, 11], "texture": "#8"},
				"south": {"uv": [10.5, 8, 11, 8.5], "texture": "#8"},
				"west": {"uv": [8.5, 10.5, 9, 11], "texture": "#8"},
				"up": {"uv": [11, 9, 10.5, 8.5], "texture": "#8"},
				"down": {"uv": [9.5, 10.5, 9, 11], "texture": "#8"}
			}
		},
		{
			"name": "ring_2.35",
			"from": [3.03448, 7, 9.68966],
			"to": [4.03448, 8, 10.68966],
			"rotation": {"angle": 0, "axis": "y", "origin": [8.51724, 6.37931, 7.34483]},
			"faces": {
				"north": {"uv": [10.5, 9, 11, 9.5], "texture": "#8"},
				"east": {"uv": [9.5, 10.5, 10, 11], "texture": "#8"},
				"south": {"uv": [10.5, 9.5, 11, 10], "texture": "#8"},
				"west": {"uv": [10, 10.5, 10.5, 11], "texture": "#8"},
				"up": {"uv": [11, 10.5, 10.5, 10], "texture": "#8"},
				"down": {"uv": [11, 10.5, 10.5, 11], "texture": "#8"}
			}
		},
		{
			"name": "ring_2.45",
			"from": [11.03448, 11, 3.68966],
			"to": [12.03448, 12, 4.68966],
			"rotation": {"angle": 0, "axis": "y", "origin": [8.51724, 6.37931, 7.34483]},
			"faces": {
				"north": {"uv": [0, 11, 0.5, 11.5], "texture": "#8"},
				"east": {"uv": [11, 0, 11.5, 0.5], "texture": "#8"},
				"south": {"uv": [0.5, 11, 1, 11.5], "texture": "#8"},
				"west": {"uv": [11, 0.5, 11.5, 1], "texture": "#8"},
				"up": {"uv": [1.5, 11.5, 1, 11], "texture": "#8"},
				"down": {"uv": [11.5, 1, 11, 1.5], "texture": "#8"}
			}
		},
		{
			"name": "ring_2.55",
			"from": [11.03448, 11, 9.68966],
			"to": [12.03448, 12, 10.68966],
			"rotation": {"angle": 0, "axis": "y", "origin": [8.51724, 6.37931, 7.34483]},
			"faces": {
				"north": {"uv": [1.5, 11, 2, 11.5], "texture": "#8"},
				"east": {"uv": [11, 1.5, 11.5, 2], "texture": "#8"},
				"south": {"uv": [2, 11, 2.5, 11.5], "texture": "#8"},
				"west": {"uv": [11, 2, 11.5, 2.5], "texture": "#8"},
				"up": {"uv": [3, 11.5, 2.5, 11], "texture": "#8"},
				"down": {"uv": [11.5, 2.5, 11, 3], "texture": "#8"}
			}
		},
		{
			"name": "ring_3",
			"from": [7, 13, 4],
			"to": [8, 14, 5],
			"rotation": {"angle": 0, "axis": "y", "origin": [8.51724, 6.37931, 7.34483]},
			"faces": {
				"north": {"uv": [3, 11, 3.5, 11.5], "texture": "#8"},
				"east": {"uv": [11, 3, 11.5, 3.5], "texture": "#8"},
				"south": {"uv": [3.5, 11, 4, 11.5], "texture": "#8"},
				"west": {"uv": [11, 3.5, 11.5, 4], "texture": "#8"},
				"up": {"uv": [4.5, 11.5, 4, 11], "texture": "#8"},
				"down": {"uv": [11.5, 4, 11, 4.5], "texture": "#8"}
			}
		},
		{
			"name": "ring_3.1",
			"from": [7, 14, 5],
			"to": [8, 15, 10],
			"rotation": {"angle": 0, "axis": "y", "origin": [8.51724, 6.37931, 7.34483]},
			"faces": {
				"north": {"uv": [4.5, 11, 5, 11.5], "texture": "#8"},
				"east": {"uv": [4, 0, 6.5, 0.5], "texture": "#8"},
				"south": {"uv": [11, 4.5, 11.5, 5], "texture": "#8"},
				"west": {"uv": [4, 0.5, 6.5, 1], "texture": "#8"},
				"up": {"uv": [3.5, 6.5, 3, 4], "texture": "#8"},
				"down": {"uv": [4, 4, 3.5, 6.5], "texture": "#8"}
			}
		},
		{
			"name": "ring_3.2",
			"from": [7, 13, 10],
			"to": [8, 14, 11],
			"rotation": {"angle": 0, "axis": "y", "origin": [8.51724, 6.37931, 7.34483]},
			"faces": {
				"north": {"uv": [5, 11, 5.5, 11.5], "texture": "#8"},
				"east": {"uv": [11, 5, 11.5, 5.5], "texture": "#8"},
				"south": {"uv": [5.5, 11, 6, 11.5], "texture": "#8"},
				"west": {"uv": [11, 5.5, 11.5, 6], "texture": "#8"},
				"up": {"uv": [6.5, 11.5, 6, 11], "texture": "#8"},
				"down": {"uv": [11.5, 6, 11, 6.5], "texture": "#8"}
			}
		},
		{
			"name": "ring_3.3",
			"from": [4.17241, 13, 6.86207],
			"to": [5.17241, 14, 7.86207],
			"rotation": {"angle": 0, "axis": "y", "origin": [8.51724, 6.37931, 7.34483]},
			"faces": {
				"north": {"uv": [6.5, 11, 7, 11.5], "texture": "#8"},
				"east": {"uv": [11, 6.5, 11.5, 7], "texture": "#8"},
				"south": {"uv": [7, 11, 7.5, 11.5], "texture": "#8"},
				"west": {"uv": [11, 7, 11.5, 7.5], "texture": "#8"},
				"up": {"uv": [8, 11.5, 7.5, 11], "texture": "#8"},
				"down": {"uv": [11.5, 7.5, 11, 8], "texture": "#8"}
			}
		},
		{
			"name": "ring_3.4",
			"from": [5.17241, 14, 6.86207],
			"to": [10.17241, 15, 7.86207],
			"rotation": {"angle": 0, "axis": "y", "origin": [8.51724, 6.37931, 7.34483]},
			"faces": {
				"north": {"uv": [4, 4, 6.5, 4.5], "texture": "#8"},
				"east": {"uv": [8, 11, 8.5, 11.5], "texture": "#8"},
				"south": {"uv": [4, 4.5, 6.5, 5], "texture": "#8"},
				"west": {"uv": [11, 8, 11.5, 8.5], "texture": "#8"},
				"up": {"uv": [7.5, 1.5, 5, 1], "texture": "#8"},
				"down": {"uv": [7.5, 1.5, 5, 2], "texture": "#8"}
			}
		},
		{
			"name": "ring_3.5",
			"from": [10.17241, 13, 6.86207],
			"to": [11.17241, 14, 7.86207],
			"rotation": {"angle": 0, "axis": "y", "origin": [8.51724, 6.37931, 7.34483]},
			"faces": {
				"north": {"uv": [8.5, 11, 9, 11.5], "texture": "#8"},
				"east": {"uv": [11, 8.5, 11.5, 9], "texture": "#8"},
				"south": {"uv": [9, 11, 9.5, 11.5], "texture": "#8"},
				"west": {"uv": [11, 9, 11.5, 9.5], "texture": "#8"},
				"up": {"uv": [10, 11.5, 9.5, 11], "texture": "#8"},
				"down": {"uv": [11.5, 9.5, 11, 10], "texture": "#8"}
			}
		},
		{
			"name": "ring_4",
			"from": [7, 5, 4],
			"to": [8, 6, 5],
			"rotation": {"angle": 0, "axis": "y", "origin": [8.51724, 6.37931, 7.34483]},
			"faces": {
				"north": {"uv": [10, 11, 10.5, 11.5], "texture": "#8"},
				"east": {"uv": [11, 10, 11.5, 10.5], "texture": "#8"},
				"south": {"uv": [10.5, 11, 11, 11.5], "texture": "#8"},
				"west": {"uv": [11, 10.5, 11.5, 11], "texture": "#8"},
				"up": {"uv": [11.5, 11.5, 11, 11], "texture": "#8"},
				"down": {"uv": [0.5, 11.5, 0, 12], "texture": "#8"}
			}
		},
		{
			"name": "ring_4.1",
			"from": [7, 4, 5],
			"to": [8, 5, 10],
			"rotation": {"angle": 0, "axis": "y", "origin": [8.51724, 6.37931, 7.34483]},
			"faces": {
				"north": {"uv": [11.5, 0, 12, 0.5], "texture": "#8"},
				"east": {"uv": [4, 5, 6.5, 5.5], "texture": "#8"},
				"south": {"uv": [0.5, 11.5, 1, 12], "texture": "#8"},
				"west": {"uv": [5.5, 2, 8, 2.5], "texture": "#8"},
				"up": {"uv": [3, 7, 2.5, 4.5], "texture": "#8"},
				"down": {"uv": [0.5, 5.5, 0, 8], "texture": "#8"}
			}
		},
		{
			"name": "ring_4.2",
			"from": [7, 5, 10],
			"to": [8, 6, 11],
			"rotation": {"angle": 0, "axis": "y", "origin": [8.51724, 6.37931, 7.34483]},
			"faces": {
				"north": {"uv": [11.5, 0.5, 12, 1], "texture": "#8"},
				"east": {"uv": [1, 11.5, 1.5, 12], "texture": "#8"},
				"south": {"uv": [11.5, 1, 12, 1.5], "texture": "#8"},
				"west": {"uv": [1.5, 11.5, 2, 12], "texture": "#8"},
				"up": {"uv": [12, 2, 11.5, 1.5], "texture": "#8"},
				"down": {"uv": [2.5, 11.5, 2, 12], "texture": "#8"}
			}
		},
		{
			"name": "ring_4.3",
			"from": [4.17241, 5, 6.86207],
			"to": [5.17241, 6, 7.86207],
			"rotation": {"angle": 0, "axis": "y", "origin": [8.51724, 6.37931, 7.34483]},
			"faces": {
				"north": {"uv": [11.5, 2, 12, 2.5], "texture": "#8"},
				"east": {"uv": [2.5, 11.5, 3, 12], "texture": "#8"},
				"south": {"uv": [11.5, 2.5, 12, 3], "texture": "#8"},
				"west": {"uv": [3, 11.5, 3.5, 12], "texture": "#8"},
				"up": {"uv": [12, 3.5, 11.5, 3], "texture": "#8"},
				"down": {"uv": [4, 11.5, 3.5, 12], "texture": "#8"}
			}
		},
		{
			"name": "ring_4.4",
			"from": [5.17241, 4, 6.86207],
			"to": [10.17241, 5, 7.86207],
			"rotation": {"angle": 0, "axis": "y", "origin": [8.51724, 6.37931, 7.34483]},
			"faces": {
				"north": {"uv": [5.5, 2.5, 8, 3], "texture": "#8"},
				"east": {"uv": [11.5, 3.5, 12, 4], "texture": "#8"},
				"south": {"uv": [5.5, 3, 8, 3.5], "texture": "#8"},
				"west": {"uv": [4, 11.5, 4.5, 12], "texture": "#8"},
				"up": {"uv": [8, 4, 5.5, 3.5], "texture": "#8"},
				"down": {"uv": [6.5, 5.5, 4, 6], "texture": "#8"}
			}
		},
		{
			"name": "ring_4.5",
			"from": [10.17241, 5, 6.86207],
			"to": [11.17241, 6, 7.86207],
			"rotation": {"angle": 0, "axis": "y", "origin": [8.51724, 6.37931, 7.34483]},
			"faces": {
				"north": {"uv": [11.5, 4, 12, 4.5], "texture": "#8"},
				"east": {"uv": [4.5, 11.5, 5, 12], "texture": "#8"},
				"south": {"uv": [11.5, 4.5, 12, 5], "texture": "#8"},
				"west": {"uv": [5, 11.5, 5.5, 12], "texture": "#8"},
				"up": {"uv": [12, 5.5, 11.5, 5], "texture": "#8"},
				"down": {"uv": [6, 11.5, 5.5, 12], "texture": "#8"}
			}
		},
		{
			"name": "outer_ring1",
			"from": [5, 9, 2],
			"to": [10, 10, 3],
			"rotation": {"angle": 0, "axis": "y", "origin": [8.51724, 6.3793, 7.34483]},
			"faces": {
				"north": {"uv": [4, 6, 6.5, 6.5], "texture": "#8"},
				"east": {"uv": [11.5, 5.5, 12, 6], "texture": "#8"},
				"south": {"uv": [6.5, 0, 9, 0.5], "texture": "#8"},
				"west": {"uv": [6, 11.5, 6.5, 12], "texture": "#8"},
				"up": {"uv": [9, 1, 6.5, 0.5], "texture": "#8"},
				"down": {"uv": [5.5, 6.5, 3, 7], "texture": "#8"}
			}
		},
		{
			"name": "outer_ring1.5",
			"from": [7.13794, 6.89654, 2],
			"to": [8.13794, 11.89654, 3],
			"rotation": {"angle": 0, "axis": "y", "origin": [8.51724, 6.3793, 7.34483]},
			"faces": {
				"north": {"uv": [0.5, 5.5, 1, 8], "texture": "#8"},
				"east": {"uv": [1, 5.5, 1.5, 8], "texture": "#8"},
				"south": {"uv": [1.5, 6, 2, 8.5], "texture": "#8"},
				"west": {"uv": [2, 6, 2.5, 8.5], "texture": "#8"},
				"up": {"uv": [12, 6.5, 11.5, 6], "texture": "#8"},
				"down": {"uv": [7, 11.5, 6.5, 12], "texture": "#8"}
			}
		},
		{
			"name": "outer_ring2",
			"from": [5, 9, 12],
			"to": [10, 10, 13],
			"rotation": {"angle": 0, "axis": "y", "origin": [8.51724, 6.3793, 7.34483]},
			"faces": {
				"north": {"uv": [6.5, 4, 9, 4.5], "texture": "#8"},
				"east": {"uv": [11.5, 6.5, 12, 7], "texture": "#8"},
				"south": {"uv": [6.5, 4.5, 9, 5], "texture": "#8"},
				"west": {"uv": [7, 11.5, 7.5, 12], "texture": "#8"},
				"up": {"uv": [9, 5.5, 6.5, 5], "texture": "#8"},
				"down": {"uv": [8, 6.5, 5.5, 7], "texture": "#8"}
			}
		},
		{
			"name": "outer_ring2.5",
			"from": [6.89654, 6.86206, 12],
			"to": [7.89654, 11.86206, 13],
			"rotation": {"angle": 0, "axis": "y", "origin": [8.51724, 6.3793, 7.34483]},
			"faces": {
				"north": {"uv": [2.5, 7, 3, 9.5], "texture": "#8"},
				"east": {"uv": [3, 7, 3.5, 9.5], "texture": "#8"},
				"south": {"uv": [3.5, 7, 4, 9.5], "texture": "#8"},
				"west": {"uv": [4, 7, 4.5, 9.5], "texture": "#8"},
				"up": {"uv": [12, 7.5, 11.5, 7], "texture": "#8"},
				"down": {"uv": [8, 11.5, 7.5, 12], "texture": "#8"}
			}
		}
	],
	"display": {
		"thirdperson_righthand": {
			"translation": [0, 1.5, 0],
			"scale": [0.5, 0.5, 0.5]
		},
		"thirdperson_lefthand": {
			"translation": [0, 1.5, 0],
			"scale": [0.5, 0.5, 0.5]
		},
		"firstperson_righthand": {
			"rotation": [0, -20, -3],
			"translation": [1, 0.5, 0],
			"scale": [0.6, 0.6, 0.6]
		},
		"firstperson_lefthand": {
			"rotation": [0, -20, -3],
			"translation": [1, 0.5, 0],
			"scale": [0.6, 0.6, 0.6]
		},
		"ground": {
			"translation": [0, -10, 0]
		},
		"gui": {
			"rotation": [19, -26, 0],
			"translation": [0, -1.5, 0]
		},
		"head": {
			"translation": [0, -35, 0],
			"scale": [3, 3, 3]
		},
		"fixed": {
			"rotation": [-90, 0, 0],
			"translation": [1.75, 2, -7.5],
			"scale": [4, 4, 4]
		}
	},
	"groups": [
		{
			"name": "dream_vex",
			"origin": [8, 8, 8],
			"children": [
				{
					"name": "core",
					"origin": [0, 0, 0],
					"children": [
						{
							"name": "core_plant",
							"origin": [0, 0, 0],
							"children": [
								{
									"name": "plant_stem",
									"origin": [0, 0, 0],
									"children": [0, 1]
								},
								{
									"name": "plant_core",
									"origin": [0, 0, 0],
									"children": [2, 3, 4]
								},
								{
									"name": "plant_petals",
									"origin": [0, 0, 0],
									"children": [5, 6, 7, 8, 9, 10, 11, 12, 13, 14, 15, 16, 17, 18, 19, 20]
								}
							]
						}, 21]
				},
				{
					"name": "sphere",
					"origin": [8, 8, 8],
					"children": [
						{
							"name": "rings",
							"origin": [8, 8, 8],
							"children": [
								{
									"name": "ring_1",
									"origin": [8.51724, 6.37931, 7.34483],
									"children": [22, 23, 24, 25, 26, 27]
								},
								{
									"name": "ring_2",
									"origin": [8.51724, 6.37931, 7.34483],
									"children": [28, 29, 30, 31, 32, 33]
								},
								{
									"name": "ring_3",
									"origin": [8, 8, 8],
									"children": [34, 35, 36, 37, 38, 39]
								},
								{
									"name": "ring_4",
									"origin": [8, 8, 8],
									"children": [40, 41, 42, 43, 44, 45]
								},
								{
									"name": "outer_rings",
									"origin": [8.51724, 6.3793, 7.34483],
									"children": [46, 47, 48, 49]
								}
							]
						}
					]
				}
			]
		}
	]
}