{
	"credit": "Made with love by KooriKitsune38",
	"texture_size": [64, 64],
	"textures": {
		"0": "dream_hood/dream_snait_texture",
		"particle": "dream_hood/dream_snait_texture"
	},
	"elements": [
		{
			"name": "front_left",
			"from": [3, 1, -1.6],
			"to": [5, 2, 2.4],
			"rotation": {"angle": 22.5, "axis": "x", "origin": [0, 0, 0]},
			"faces": {
				"north": {"uv": [7.5, 1.75, 8, 2], "texture": "#0"},
				"east": {"uv": [8.5, 4.75, 9.5, 5], "texture": "#0"},
				"south": {"uv": [10.5, 6, 11, 6.25], "texture": "#0"},
				"west": {"uv": [1.5, 10.25, 2.5, 10.5], "texture": "#0"},
				"up": {"uv": [6.5, 6, 6, 5], "texture": "#0"},
				"down": {"uv": [8, 0.75, 7.5, 1.75], "texture": "#0"}
			}
		},
		{
			"name": "front_rite",
			"from": [11, 0, -1],
			"to": [13, 1, 3],
			"faces": {
				"north": {"uv": [10.5, 8.75, 11, 9], "texture": "#0"},
				"east": {"uv": [8.5, 10.25, 9.5, 10.5], "texture": "#0"},
				"south": {"uv": [10.75, 4.5, 11.25, 4.75], "texture": "#0"},
				"west": {"uv": [10.25, 9.75, 11.25, 10], "texture": "#0"},
				"up": {"uv": [10, 2.5, 9.5, 1.5], "texture": "#0"},
				"down": {"uv": [10, 2.5, 9.5, 3.5], "texture": "#0"}
			}
		},
		{
			"name": "center",
			"from": [5, 0, 2],
			"to": [11, 3, 18],
			"faces": {
				"north": {"uv": [8, 8.5, 9.5, 9.25], "texture": "#0"},
				"east": {"uv": [6.5, 7.25, 10.5, 8], "texture": "#0"},
				"south": {"uv": [2.5, 8.75, 4, 9.5], "texture": "#0"},
				"west": {"uv": [7.5, 0, 11.5, 0.75], "texture": "#0"},
				"up": {"uv": [1.5, 4, 0, 0], "texture": "#0"},
				"down": {"uv": [3, 0, 1.5, 4], "texture": "#0"}
			}
		},
		{
			"name": "side",
			"from": [11, 0, 3],
			"to": [12, 2, 17],
			"faces": {
				"north": {"uv": [11, 8.75, 11.25, 9.25], "texture": "#0"},
				"east": {"uv": [8, 6.5, 11.5, 7], "texture": "#0"},
				"south": {"uv": [10.25, 11, 10.5, 11.5], "texture": "#0"},
				"west": {"uv": [7, 8, 10.5, 8.5], "texture": "#0"},
				"up": {"uv": [6.25, 12.75, 6, 9.25], "texture": "#0"},
				"down": {"uv": [6.5, 9.25, 6.25, 12.75], "texture": "#0"}
			}
		},
		{
			"name": "side",
			"from": [4, 0, 3],
			"to": [5, 2, 17],
			"faces": {
				"north": {"uv": [10.5, 11, 10.75, 11.5], "texture": "#0"},
				"east": {"uv": [8.5, 3.5, 12, 4], "texture": "#0"},
				"south": {"uv": [10.75, 11, 11, 11.5], "texture": "#0"},
				"west": {"uv": [8.5, 4, 12, 4.5], "texture": "#0"},
				"up": {"uv": [6.75, 12.75, 6.5, 9.25], "texture": "#0"},
				"down": {"uv": [7, 9.25, 6.75, 12.75], "texture": "#0"}
			}
		},
		{
			"name": "tail",
			"from": [6, 0, 18],
			"to": [10, 2, 20],
			"faces": {
				"north": {"uv": [5.5, 7.5, 6.5, 8], "texture": "#0"},
				"east": {"uv": [5.5, 3.5, 6, 4], "texture": "#0"},
				"south": {"uv": [9.5, 4.75, 10.5, 5.25], "texture": "#0"},
				"west": {"uv": [5.5, 10.25, 6, 10.75], "texture": "#0"},
				"up": {"uv": [10.5, 5.75, 9.5, 5.25], "texture": "#0"},
				"down": {"uv": [10.5, 5.75, 9.5, 6.25], "texture": "#0"}
			}
		},
		{
			"name": "tail",
			"from": [6, 1, 20],
			"to": [10, 3, 22],
			"faces": {
				"north": {"uv": [9.5, 8.5, 10.5, 9], "texture": "#0"},
				"east": {"uv": [9.5, 10.25, 10, 10.75], "texture": "#0"},
				"south": {"uv": [0, 9.75, 1, 10.25], "texture": "#0"},
				"west": {"uv": [10.25, 10, 10.75, 10.5], "texture": "#0"},
				"up": {"uv": [11, 2, 10, 1.5], "texture": "#0"},
				"down": {"uv": [11, 2, 10, 2.5], "texture": "#0"}
			}
		},
		{
			"name": "tail",
			"from": [7, 2, 22],
			"to": [9, 5, 23],
			"faces": {
				"north": {"uv": [1, 9.75, 1.5, 10.5], "texture": "#0"},
				"east": {"uv": [2.25, 10.5, 2.5, 11.25], "texture": "#0"},
				"south": {"uv": [10, 2.5, 10.5, 3.25], "texture": "#0"},
				"west": {"uv": [11, 1.5, 11.25, 2.25], "texture": "#0"},
				"up": {"uv": [11.5, 6.5, 11, 6.25], "texture": "#0"},
				"down": {"uv": [11.5, 11, 11, 11.25], "texture": "#0"}
			}
		},
		{
			"name": "tail_fire",
			"from": [7, 4, 20],
			"to": [9, 6, 22],
			"faces": {
				"north": {"uv": [0.75, 10.5, 1.25, 11], "texture": "#0"},
				"east": {"uv": [10.5, 0.75, 11, 1.25], "texture": "#0"},
				"south": {"uv": [1.25, 10.5, 1.75, 11], "texture": "#0"},
				"west": {"uv": [1.75, 10.5, 2.25, 11], "texture": "#0"},
				"up": {"uv": [11, 3, 10.5, 2.5], "texture": "#0"},
				"down": {"uv": [4.5, 10.5, 4, 11], "texture": "#0"}
			}
		},
		{
			"name": "tail_fire",
			"from": [9, 5, 21],
			"to": [10, 8, 22],
			"faces": {
				"north": {"uv": [1.75, 11, 2, 11.75], "texture": "#0"},
				"east": {"uv": [2, 11, 2.25, 11.75], "texture": "#0"},
				"south": {"uv": [11, 2.25, 11.25, 3], "texture": "#0"},
				"west": {"uv": [4, 11, 4.25, 11.75], "texture": "#0"},
				"up": {"uv": [1, 10.5, 0.75, 10.25], "texture": "#0"},
				"down": {"uv": [10.25, 11.25, 10, 11.5], "texture": "#0"}
			}
		},
		{
			"name": "tail_fire",
			"from": [7, 8, 20],
			"to": [8, 10, 21],
			"faces": {
				"north": {"uv": [11.25, 1.5, 11.5, 2], "texture": "#0"},
				"east": {"uv": [11.25, 2, 11.5, 2.5], "texture": "#0"},
				"south": {"uv": [2.25, 11.25, 2.5, 11.75], "texture": "#0"},
				"west": {"uv": [11.25, 2.5, 11.5, 3], "texture": "#0"},
				"up": {"uv": [11.5, 10.25, 11.25, 10], "texture": "#0"},
				"down": {"uv": [11.5, 10.25, 11.25, 10.5], "texture": "#0"}
			}
		},
		{
			"name": "tail_fire",
			"from": [6, 6, 22],
			"to": [7, 8, 23],
			"faces": {
				"north": {"uv": [3.5, 11.25, 3.75, 11.75], "texture": "#0"},
				"east": {"uv": [3.75, 11.25, 4, 11.75], "texture": "#0"},
				"south": {"uv": [4.5, 11.25, 4.75, 11.75], "texture": "#0"},
				"west": {"uv": [4.75, 11.25, 5, 11.75], "texture": "#0"},
				"up": {"uv": [11.5, 10.75, 11.25, 10.5], "texture": "#0"},
				"down": {"uv": [11.5, 10.75, 11.25, 11], "texture": "#0"}
			}
		},
		{
			"name": "tail_fire",
			"from": [6, 6, 19],
			"to": [7, 7, 20],
			"faces": {
				"north": {"uv": [11, 11.25, 11.25, 11.5], "texture": "#0"},
				"east": {"uv": [11.25, 11.25, 11.5, 11.5], "texture": "#0"},
				"south": {"uv": [11.5, 0, 11.75, 0.25], "texture": "#0"},
				"west": {"uv": [0.25, 11.5, 0.5, 11.75], "texture": "#0"},
				"up": {"uv": [11.75, 0.5, 11.5, 0.25], "texture": "#0"},
				"down": {"uv": [0.75, 11.5, 0.5, 11.75], "texture": "#0"}
			}
		},
		{
			"name": "center",
			"from": [4, 3, 5],
			"to": [12, 11, 15],
			"faces": {
				"north": {"uv": [4, 4, 6, 6], "texture": "#0"},
				"east": {"uv": [3, 0, 5.5, 2], "texture": "#0"},
				"south": {"uv": [5.5, 0, 7.5, 2], "texture": "#0"},
				"west": {"uv": [3, 2, 5.5, 4], "texture": "#0"},
				"up": {"uv": [2, 6.5, 0, 4], "texture": "#0"},
				"down": {"uv": [4, 4, 2, 6.5], "texture": "#0"}
			}
		},
		{
			"name": "side",
			"from": [3, 4, 5],
			"to": [4, 10, 15],
			"faces": {
				"north": {"uv": [7, 10, 7.25, 11.5], "texture": "#0"},
				"east": {"uv": [5.5, 2, 8, 3.5], "texture": "#0"},
				"south": {"uv": [7.25, 10, 7.5, 11.5], "texture": "#0"},
				"west": {"uv": [6, 3.5, 8.5, 5], "texture": "#0"},
				"up": {"uv": [2.75, 12, 2.5, 9.5], "texture": "#0"},
				"down": {"uv": [3, 9.5, 2.75, 12], "texture": "#0"}
			}
		},
		{
			"name": "side",
			"from": [12, 4, 5],
			"to": [13, 10, 15],
			"faces": {
				"north": {"uv": [7.5, 10, 7.75, 11.5], "texture": "#0"},
				"east": {"uv": [4, 6, 6.5, 7.5], "texture": "#0"},
				"south": {"uv": [7.75, 10, 8, 11.5], "texture": "#0"},
				"west": {"uv": [0, 6.5, 2.5, 8], "texture": "#0"},
				"up": {"uv": [3.25, 12, 3, 9.5], "texture": "#0"},
				"down": {"uv": [3.5, 9.5, 3.25, 12], "texture": "#0"}
			}
		},
		{
			"name": "side",
			"from": [5, 3, 15],
			"to": [11, 9, 16],
			"faces": {
				"north": {"uv": [8, 0.75, 9.5, 2.25], "texture": "#0"},
				"east": {"uv": [8, 10, 8.25, 11.5], "texture": "#0"},
				"south": {"uv": [8, 5, 9.5, 6.5], "texture": "#0"},
				"west": {"uv": [8.25, 10, 8.5, 11.5], "texture": "#0"},
				"up": {"uv": [11, 6.5, 9.5, 6.25], "texture": "#0"},
				"down": {"uv": [11, 9, 9.5, 9.25], "texture": "#0"}
			}
		},
		{
			"name": "side",
			"from": [5, 4, 4],
			"to": [11, 11, 5],
			"faces": {
				"north": {"uv": [4, 7.5, 5.5, 9.25], "texture": "#0"},
				"east": {"uv": [3.5, 9.5, 3.75, 11.25], "texture": "#0"},
				"south": {"uv": [0, 8, 1.5, 9.75], "texture": "#0"},
				"west": {"uv": [3.75, 9.5, 4, 11.25], "texture": "#0"},
				"up": {"uv": [11.5, 9.5, 10, 9.25], "texture": "#0"},
				"down": {"uv": [11.5, 9.5, 10, 9.75], "texture": "#0"}
			}
		},
		{
			"name": "side",
			"from": [5, 3, 16],
			"to": [11, 8, 17],
			"faces": {
				"north": {"uv": [8, 2.25, 9.5, 3.5], "texture": "#0"},
				"east": {"uv": [0.25, 10.25, 0.5, 11.5], "texture": "#0"},
				"south": {"uv": [5.5, 8, 7, 9.25], "texture": "#0"},
				"west": {"uv": [0.5, 10.25, 0.75, 11.5], "texture": "#0"},
				"up": {"uv": [11.5, 3.5, 10, 3.25], "texture": "#0"},
				"down": {"uv": [10, 10, 8.5, 10.25], "texture": "#0"}
			}
		},
		{
			"name": "side",
			"from": [6, 5, 3],
			"to": [10, 11, 4],
			"faces": {
				"north": {"uv": [1.5, 8, 2.5, 9.5], "texture": "#0"},
				"east": {"uv": [10, 9.75, 10.25, 11.25], "texture": "#0"},
				"south": {"uv": [7, 8.5, 8, 10], "texture": "#0"},
				"west": {"uv": [0, 10.25, 0.25, 11.75], "texture": "#0"},
				"up": {"uv": [11.5, 1.5, 10.5, 1.25], "texture": "#0"},
				"down": {"uv": [11.5, 3, 10.5, 3.25], "texture": "#0"}
			}
		},
		{
			"name": "side",
			"from": [5, 11, 5],
			"to": [11, 12, 14],
			"faces": {
				"north": {"uv": [4, 10.25, 5.5, 10.5], "texture": "#0"},
				"east": {"uv": [8, 7, 10.25, 7.25], "texture": "#0"},
				"south": {"uv": [10.25, 7, 11.75, 7.25], "texture": "#0"},
				"west": {"uv": [8.5, 4.5, 10.75, 4.75], "texture": "#0"},
				"up": {"uv": [4, 8.75, 2.5, 6.5], "texture": "#0"},
				"down": {"uv": [8, 5, 6.5, 7.25], "texture": "#0"}
			}
		},
		{
			"name": "side",
			"from": [6, 11, 4],
			"to": [10, 12, 5],
			"faces": {
				"north": {"uv": [4.5, 10.5, 5.5, 10.75], "texture": "#0"},
				"east": {"uv": [11.5, 0.5, 11.75, 0.75], "texture": "#0"},
				"south": {"uv": [10.5, 4.75, 11.5, 5], "texture": "#0"},
				"west": {"uv": [0.75, 11.5, 1, 11.75], "texture": "#0"},
				"up": {"uv": [11.5, 5.25, 10.5, 5], "texture": "#0"},
				"down": {"uv": [11.5, 5.25, 10.5, 5.5], "texture": "#0"}
			}
		},
		{
			"name": "center",
			"from": [6, 2, -1],
			"to": [10, 5, 3],
			"faces": {
				"north": {"uv": [8, 9.25, 9, 10], "texture": "#0"},
				"east": {"uv": [9, 9.25, 10, 10], "texture": "#0"},
				"south": {"uv": [9.5, 0.75, 10.5, 1.5], "texture": "#0"},
				"west": {"uv": [1.5, 9.5, 2.5, 10.25], "texture": "#0"},
				"up": {"uv": [5, 10.25, 4, 9.25], "texture": "#0"},
				"down": {"uv": [6, 9.25, 5, 10.25], "texture": "#0"}
			}
		},
		{
			"name": "center",
			"from": [7.3, 2.3, -1.2],
			"to": [8.5, 2.8, -0.2],
			"faces": {
				"north": {"uv": [8, 9.25, 9, 10], "texture": "#0"},
				"east": {"uv": [9, 9.25, 10, 10], "texture": "#0"},
				"south": {"uv": [9.5, 0.75, 10.5, 1.5], "texture": "#0"},
				"west": {"uv": [1.5, 9.5, 2.5, 10.25], "texture": "#0"},
				"up": {"uv": [5, 10.25, 4, 9.25], "texture": "#0"},
				"down": {"uv": [6, 9.25, 5, 10.25], "texture": "#0"}
			}
		},
		{
			"name": "eye_left",
			"from": [5, 5, 0],
			"to": [7, 6, 1],
			"faces": {
				"north": {"uv": [11.25, 4.5, 11.75, 4.75], "texture": "#0"},
				"east": {"uv": [11.5, 0.75, 11.75, 1], "texture": "#0"},
				"south": {"uv": [5, 11.25, 5.5, 11.5], "texture": "#0"},
				"west": {"uv": [1, 11.5, 1.25, 11.75], "texture": "#0"},
				"up": {"uv": [6, 11.5, 5.5, 11.25], "texture": "#0"},
				"down": {"uv": [11.75, 5.5, 11.25, 5.75], "texture": "#0"}
			}
		},
		{
			"name": "eye_left",
			"from": [5, 6, 0],
			"to": [6, 7, 1],
			"faces": {
				"north": {"uv": [11.5, 1, 11.75, 1.25], "texture": "#0"},
				"east": {"uv": [1.25, 11.5, 1.5, 11.75], "texture": "#0"},
				"south": {"uv": [11.5, 1.25, 11.75, 1.5], "texture": "#0"},
				"west": {"uv": [1.5, 11.5, 1.75, 11.75], "texture": "#0"},
				"up": {"uv": [11.75, 1.75, 11.5, 1.5], "texture": "#0"},
				"down": {"uv": [11.75, 1.75, 11.5, 2], "texture": "#0"}
			}
		},
		{
			"name": "eye_left",
			"from": [4, 6, -1],
			"to": [5, 9, 0],
			"faces": {
				"north": {"uv": [4.25, 11, 4.5, 11.75], "texture": "#0"},
				"east": {"uv": [11, 5.5, 11.25, 6.25], "texture": "#0"},
				"south": {"uv": [11, 7.25, 11.25, 8], "texture": "#0"},
				"west": {"uv": [11, 8, 11.25, 8.75], "texture": "#0"},
				"up": {"uv": [11.75, 2.25, 11.5, 2], "texture": "#0"},
				"down": {"uv": [11.75, 2.25, 11.5, 2.5], "texture": "#0"}
			}
		},
		{
			"name": "eye_ball_left",
			"from": [3.5, 9, -1.5],
			"to": [5.5, 11, 0.5],
			"faces": {
				"north": {"uv": [10.5, 5.5, 11, 6], "texture": "#0"},
				"east": {"uv": [10.5, 7.25, 11, 7.75], "texture": "#0"},
				"south": {"uv": [10.5, 7.75, 11, 8.25], "texture": "#0"},
				"west": {"uv": [10.5, 8.25, 11, 8.75], "texture": "#0"},
				"up": {"uv": [9, 11, 8.5, 10.5], "texture": "#0"},
				"down": {"uv": [9.5, 10.5, 9, 11], "texture": "#0"}
			}
		},
		{
			"name": "eye_ball_left",
			"from": [3.4, 8.9, -1.6],
			"to": [5.6, 9.4, 0.6],
			"faces": {
				"north": {"uv": [11.25, 5.75, 11.75, 6], "texture": "#0"},
				"east": {"uv": [11.25, 6, 11.75, 6.25], "texture": "#0"},
				"south": {"uv": [11.25, 7.25, 11.75, 7.5], "texture": "#0"},
				"west": {"uv": [11.25, 7.5, 11.75, 7.75], "texture": "#0"},
				"up": {"uv": [10.75, 11, 10.25, 10.5], "texture": "#0"},
				"down": {"uv": [5, 10.75, 4.5, 11.25], "texture": "#0"}
			}
		},
		{
			"name": "eye_ball_left",
			"from": [10.5, 9, -1.5],
			"to": [12.5, 11, 0.5],
			"faces": {
				"north": {"uv": [5, 10.75, 5.5, 11.25], "texture": "#0"},
				"east": {"uv": [5.5, 10.75, 6, 11.25], "texture": "#0"},
				"south": {"uv": [9.5, 10.75, 10, 11.25], "texture": "#0"},
				"west": {"uv": [10.75, 10, 11.25, 10.5], "texture": "#0"},
				"up": {"uv": [11.25, 11, 10.75, 10.5], "texture": "#0"},
				"down": {"uv": [1.25, 11, 0.75, 11.5], "texture": "#0"}
			}
		},
		{
			"name": "eye_left",
			"from": [11, 6, -1],
			"to": [12, 9, 0],
			"faces": {
				"north": {"uv": [8.5, 11, 8.75, 11.75], "texture": "#0"},
				"east": {"uv": [8.75, 11, 9, 11.75], "texture": "#0"},
				"south": {"uv": [9, 11, 9.25, 11.75], "texture": "#0"},
				"west": {"uv": [9.25, 11, 9.5, 11.75], "texture": "#0"},
				"up": {"uv": [11.75, 2.75, 11.5, 2.5], "texture": "#0"},
				"down": {"uv": [11.75, 2.75, 11.5, 3], "texture": "#0"}
			}
		},
		{
			"name": "eye_left",
			"from": [10, 6, 0],
			"to": [11, 7, 1],
			"faces": {
				"north": {"uv": [11.5, 3, 11.75, 3.25], "texture": "#0"},
				"east": {"uv": [11.5, 3.25, 11.75, 3.5], "texture": "#0"},
				"south": {"uv": [11.5, 4.75, 11.75, 5], "texture": "#0"},
				"west": {"uv": [5, 11.5, 5.25, 11.75], "texture": "#0"},
				"up": {"uv": [11.75, 5.25, 11.5, 5], "texture": "#0"},
				"down": {"uv": [5.5, 11.5, 5.25, 11.75], "texture": "#0"}
			}
		},
		{
			"name": "eye_left",
			"from": [9, 5, 0],
			"to": [11, 6, 1],
			"faces": {
				"north": {"uv": [11.25, 7.75, 11.75, 8], "texture": "#0"},
				"east": {"uv": [11.5, 5.25, 11.75, 5.5], "texture": "#0"},
				"south": {"uv": [11.25, 8, 11.75, 8.25], "texture": "#0"},
				"west": {"uv": [5.5, 11.5, 5.75, 11.75], "texture": "#0"},
				"up": {"uv": [11.75, 8.5, 11.25, 8.25], "texture": "#0"},
				"down": {"uv": [11.75, 8.5, 11.25, 8.75], "texture": "#0"}
			}
		},
		{
			"name": "eye_ball_left",
			"from": [10.4, 8.9, -1.6],
			"to": [12.6, 9.4, 0.6],
			"faces": {
				"north": {"uv": [11.25, 8.75, 11.75, 9], "texture": "#0"},
				"east": {"uv": [11.25, 9, 11.75, 9.25], "texture": "#0"},
				"south": {"uv": [9.5, 11.25, 10, 11.5], "texture": "#0"},
				"west": {"uv": [11.25, 9.75, 11.75, 10], "texture": "#0"},
				"up": {"uv": [11.5, 1.25, 11, 0.75], "texture": "#0"},
				"down": {"uv": [1.75, 11, 1.25, 11.5], "texture": "#0"}
			}
		}
	],
	"display": {
		"thirdperson_righthand": {
			"scale": [0.7, 0.7, 0.7]
		},
		"thirdperson_lefthand": {
			"scale": [0.7, 0.7, 0.7]
		},
		"firstperson_righthand": {
			"rotation": [2, 9, -7],
			"translation": [3, 0, 0]
		},
		"firstperson_lefthand": {
			"rotation": [2, 9, -7],
			"translation": [3, 0, 0]
		},
		"ground": {
			"translation": [0, 0.5, 0],
			"scale": [0.5, 0.5, 0.5]
		},
		"gui": {
			"rotation": [37, 140, 0],
			"translation": [-0.75, 1.75, 0],
			"scale": [0.7, 0.7, 0.7]
		},
		"head": {
			"translation": [0, -37.5, -4.75],
			"scale": [2.5, 2.5, 2.5]
		},
		"fixed": {
			"rotation": [-90, 0, 0],
			"translation": [0, -2.5, -8.5]
		}
	},
	"groups": [
		{
			"name": "Dream Snait",
			"origin": [8, 8, 8],
			"children": [
				{
					"name": "hands",
					"origin": [8, 8, 8],
					"children": [0, 1]
				},
				{
					"name": "body",
					"origin": [8, 8, 8],
					"children": [
						{
							"name": "flesh",
							"origin": [8, 8, 8],
							"children": [2, 3, 4, 5, 6, 7, 8, 9, 10, 11, 12]
						},
						{
							"name": "shell",
							"origin": [8, 8, 8],
							"children": [13, 14, 15, 16, 17, 18, 19, 20, 21]
						}
					]
				},
				{
					"name": "head",
					"origin": [8, 8, 8],
					"children": [22, 23, 24, 25, 26, 27, 28, 29, 30, 31, 32, 33]
				}
			]
		}
	]
}