{
	"parent": "item/generated",
	"textures": {
	"layer0": "item/stick"
	},
	"overrides": [
		{"predicate":
			{"custom_model_data":3801},
			"model": "item/dream_hood_vex"},
		{"predicate":
			{"custom_model_data":3802},
			"model": "item/dream_snait"},
		{"predicate":
			{"custom_model_data":38011},
			"model": "item/angry_dream_hood_vex"},
		{"predicate":
			{"custom_model_data":38021},
			"model": "item/dream_snait_moving1"},
		{"predicate":
			{"custom_model_data":38022},
			"model": "item/dream_snait_moving2"}
	]
}