{
    "type": "minecraft:decorated",
    "config": {
      "decorator": {
        "type": "minecraft:decorated",
        "config": {
          "outer": {
            "type": "minecraft:count_extra",
            "config": {
              "count": 2,
              "extra_count": 1,
              "extra_chance": 0.1
            }
          },
          "inner": {
            "type": "minecraft:heightmap",
            "config": {}
          }
        }
    },
    "feature": "minecraft:tree",
    "config": {
      "ignore_vines": false,
      "force_dirt": false,
      "minimum_size": {
        "type": "minecraft:two_layers_feature_size",
        "limit": 3,
        "lower_size": 0,
        "upper_size": 0
      },
      "dirt_provider": {
        "type": "minecraft:simple_state_provider",
        "state": {
          "Name": "minecraft:dirt"
        }
      },
      "trunk_provider": {
        "type": "minecraft:simple_state_provider",
        "state": {
          "Name": "minecraft:spruce_log",
          "Properties": {
            "axis": "y"
          }
        }
      },
      "foliage_provider": {
        "type": "minecraft:simple_state_provider",
        "state": {
          "Name": "minecraft:dark_oak_leaves",
          "Properties": {
            "persistent": "true",
            "distance": "7"
          }
        }
      },
      "trunk_placer": {
        "type": "minecraft:forking_trunk_placer",
        "base_height": 1,
        "height_rand_a": 1,
        "height_rand_b": 2
      },
      "foliage_placer": {
        "type": "minecraft:bush_foliage_placer",
        "radius": {
          "type": "minecraft:uniform",
          "value": {
            "min_inclusive": 2,
            "max_inclusive": 3
          }
        },
        "offset": 1,
        "height": 2
      },
      "decorators": [
        {
          "type": "minecraft:alter_ground",
          "provider": {
            "type": "minecraft:simple_state_provider",
            "state": {
              "Name": "minecraft:podzol",
              "Properties": {
                "snowy": "false"
              }
            }
          }
        }
      ]
    }
  }
}