{
    "type": "minecraft:decorated",
    "config": {
      "decorator": {
        "type": "minecraft:decorated",
        "config": {
          "outer": {
            "type": "minecraft:square",
            "config": {}
          },
          "inner": {
            "type": "minecraft:heightmap",
            "config": {}
          }
        }
      },
      "feature": {
        "type": "minecraft:decorated",
        "config": {
          "decorator": {
            "type": "minecraft:chance",
            "config": {
              "chance": 50
            }
          },
          "feature": {
            "type": "minecraft:random_patch",
            "config": {
              "can_replace": false,
              "project": true,
              "need_water": false,
              "xspread": 4,
              "yspread": 5,
              "zspread": 4,
              "tries": 128,
              "state_provider": {
                "type": "minecraft:weighted_state_provider",
                "entries": [
                  {
                    "weight": 40,
                    "data": {
                      "Name": "minecraft:mossy_stone_bricks"
                    }
                  },
                  {
                    "weight": 60,
                    "data": {
                      "Name": "minecraft:stone_bricks"
                    }
                  }
                ]
              },
              "block_placer": {
                "type": "minecraft:column_placer",
                "min_size": 1,
                "extra_size": 6
              },
              "whitelist": [],
              "blacklist": []
            }
          }
        }
      }
    }
  }