{
  "type": "minecraft:decorated",
  "config": {
    "decorator": {
      "type": "minecraft:decorated",
      "config": {
        "outer": {
          "type": "minecraft:square",
          "config": {}
        },
        "inner": {
          "type": "minecraft:heightmap",
          "config": {}
        }
      }
    },
    "feature": {
      "type": "minecraft:forest_rock",
      "config": {
        "state": {
          "Name": "minecraft:blackstone"
        }
      }
    }
  }
}