{
    "type": "minecraft:decorated",
    "config": {
      "decorator": {
        "type": "minecraft:count",
        "config": {
          "count": 8
        }
      },
      "feature": {
        "type": "minecraft:decorated",
        "config": {
          "decorator": {
            "type": "minecraft:square",
            "config": {}
          },
          "feature": {
            "type": "minecraft:decorated",
            "config": {
              "decorator": {
                "type": "minecraft:range",
                "config": {
                  "maximum": 128,
                  "bottom_offset": 4,
                  "top_offset": 8
                }
              },
              "feature": {
                "type": "minecraft:spring_feature",
                "config": {
                  "state": {
                    "Name": "minecraft:lava",
                    "Properties": {
                      "falling": "true"
                    }
                  },
                  "rock_count": 4,
                  "hole_count": 1,
                  "requires_block_below": true,
                  "valid_blocks": [
                    "minecraft:grass_block"
                  ]
                }
              }
            }
          }
        }
      }
    }
  }