{
    "type": "rothal_dimension:rothal_dim_type",
    "generator": {
      "type": "minecraft:noise",
      "seed": 3800,
      "biome_source": {
        "type": "minecraft:multi_noise",
        "seed": 3800,
        "altitude_noise": {
          "firstOctave": -7,
          "amplitudes": [
            1,
            1
          ]
        },
        "temperature_noise": {
          "firstOctave": -7,
          "amplitudes": [
            1,
            1
          ]
        },
        "humidity_noise": {
          "firstOctave": -7,
          "amplitudes": [
            1,
            1
          ]
        },
        "weirdness_noise": {
          "firstOctave": -7,
          "amplitudes": [
            1,
            1
          ]
        },
        "biomes": [
          {
            "biome": "rothal_dimension:dream_hood",
            "parameters": {
              "altitude": 0,
              "temperature": 0,
              "humidity": 0,
              "weirdness": 0,
              "offset": 0
            }
          }
        ]
      },
      "settings": "rothal_dimension:rothal_noise"
    }
  }