{
    "type": "minecraft:tree",
    "config": {
      "max_water_depth": 0,
      "ignore_vines": false,
      "heightmap": "OCEAN_FLOOR",
      "minimum_size": {
        "type": "minecraft:two_layers_feature_size",
        "limit": 1,
        "lower_size": 1,
        "upper_size": 2
      },
      "trunk_provider": {
        "type": "minecraft:simple_state_provider",
        "state": {
          "Name": "minecraft:oak_log",
          "Properties": {
            "axis": "y"
          }
        }
      },
      "leaves_provider": {
        "type": "minecraft:simple_state_provider",
        "state": {
          "Name": "minecraft:dark_oak_leaves",
          "Properties": {
            "persistent": "true",
            "distance": "7"
          }
        }
      },
      "trunk_placer": {
        "type": "minecraft:mega_jungle_trunk_placer",
        "base_height": 10,
        "height_rand_a": 10,
        "height_rand_b": 24
      },
      "foliage_placer": {
        "type": "minecraft:fancy_foliage_placer",
        "radius": {
          "base": 2,
          "spread": 6
        },
        "offset": 1,
        "height": 3
      },
      "decorators": [
        {
          "type": "minecraft:leave_vine"
        }
      ]
    }
  }