{
    "type": "minecraft:decorated",
    "config": {
      "decorator": {
        "type": "minecraft:count_extra",
        "config": {
          "count": 6,
          "extra_count": 1,
          "extra_chance": 0.1
        }
      },
      "feature": {
        "type": "minecraft:decorated",
        "config": {
          "decorator": {
            "type": "minecraft:decorated",
            "config": {
              "outer": {
                "type": "minecraft:square",
                "config": {}
              },
              "inner": {
                "type": "minecraft:decorated",
                "config": {
                  "outer": {
                    "type": "minecraft:heightmap",
                    "config": {}
                  },
                  "inner": {
                    "type": "minecraft:heightmap",
                    "config": {
                      "heightmap": "OCEAN_FLOOR"
                    }
                  }
                }
              }
            }
          },
          "feature": {
            "type": "minecraft:random_selector",
            "config": {
              "features": [
                {
                  "chance": 0.4,
                  "feature": {
                    "type": "minecraft:tree",
                    "config": {
                      "max_water_depth": 0,
                      "heightmap": "OCEAN_FLOOR",
                      "ignore_vines": false,
                      "force_dirt": true,
                      "minimum_size": {
                        "type": "minecraft:two_layers_feature_size",
                        "min_clipped_height": 80
                      },
                      "dirt_provider": {
                        "type": "minecraft:simple_state_provider",
                        "state": {
                          "Name": "minecraft:grass_block",
                          "Properties": {
                            "snowy": "false"
                          }
                        }
                      },
                      "trunk_provider": {
                        "type": "minecraft:simple_state_provider",
                        "state": {
                          "Name": "minecraft:spruce_log",
                          "Properties": {
                            "axis": "y"
                          }
                        }
                      },
                      "leaves_provider": {
                        "type": "minecraft:simple_state_provider",
                        "state": {
                          "Name": "minecraft:oak_leaves",
                          "Properties": {
                            "distance": "7",
                            "persistent": "true"
                          }
                        }
                      },
                      "trunk_placer": {
                        "type": "minecraft:forking_trunk_placer",
                        "base_height": 2,
                        "height_rand_a": 3,
                        "height_rand_b": 8
                      },
                      "foliage_placer": {
                        "type": "minecraft:fancy_foliage_placer",
                        "radius": {
                            "base": 2,
                            "spread": 3,
                          "type": "minecraft:uniform",
                          "value": {
                            "min_inclusive": 2,
                            "max_inclusive": 2
                          }
                        },
                        "offset": 0,
                        "height": 2
                      },
                      "decorators": []
                    }
                  }
                }
              ],
              "default": {
                "type": "minecraft:tree",
                "config": {
                    "max_water_depth": 0,
                    "heightmap": "OCEAN_FLOOR",
                  "ignore_vines": false,
                  "force_dirt": true,
                  "minimum_size": {
                    "type": "minecraft:two_layers_feature_size",
                    "min_clipped_height": 80
                  },
                  "dirt_provider": {
                    "type": "minecraft:simple_state_provider",
                    "state": {
                      "Name": "minecraft:grass_block",
                      "Properties": {
                        "snowy": "false"
                      }
                    }
                  },
                  "trunk_provider": {
                    "type": "minecraft:simple_state_provider",
                    "state": {
                      "Name": "minecraft:spruce_log",
                      "Properties": {
                        "axis": "y"
                      }
                    }
                  },
                  "leaves_provider": {
                    "type": "minecraft:simple_state_provider",
                    "state": {
                      "Name": "minecraft:oak_leaves",
                      "Properties": {
                        "distance": "7",
                        "persistent": "true"
                      }
                    }
                  },
                  "trunk_placer": {
                    "type": "minecraft:forking_trunk_placer",
                    "base_height": 5,
                    "height_rand_a": 5,
                    "height_rand_b": 10
                  },
                  "foliage_placer": {
                    "type": "minecraft:blob_foliage_placer",
                    "radius": {
                        "base": 1,
                        "spread": 1,
                      "type": "minecraft:uniform",
                      "value": {
                        "min_inclusive": 1,
                        "max_inclusive": 3
                      }
                    },
                    "offset": 0,
                    "height": 3
                  },
                  "decorators": [
                    {
                      "type": "minecraft:leave_vine"
                    }
                  ]
                }
              }
            }
          }
        }
      }
    }
  }