{
    "surface_builder": "minecraft:grass",
    "depth": 0.125,
    "scale": 0.15,
    "temperature": 0.8,
    "downfall": 0.2,
    "precipitation": "rain",
    "category": "extreme_hills",
    "player_spawn_friendly": true,
    "creature_spawn_probability": 0.3,
    "effects": {
      "sky_color": 14604736,
      "fog_color": 14067077,
      "water_color": 7756978,
      "water_fog_color": 6165091,
      "grass_color": 8894525,
      "foliage_color": 6196018,
      "particle": {
        "options": {
          "type": "minecraft:warped_spore"
        },
        "probability": 0.02
      }
    },
    "starts": [
      "minecraft:swamp_hut"
    ],
    "spawners": {
      "creature": [
          {
              "type": "minecraft:vex",
              "weight": 100,
              "maxCount": 8,
              "minCount": 4
          },
          {
              "type": "minecraft:wolf",
              "weight": 100,
              "maxCount": 3,
              "minCount": 2
          }
      ]
    },
    "spawn_costs": {},
    "carvers": {
      "air": [
        "rothal_dimension:rothal_common_caves"
      ]
    },
    "features": [
      [
        "minecraft:ore_diorite",
        "minecraft:ore_andesite",
        "minecraft:ore_redstone",
        "minecraft:ore_lapis",
        "minecraft:ore_dirt",
        "minecraft:ore_blackstone",
        "minecraft:ore_coal",
        "minecraft:ore_iron",
        "minecraft:ore_gold",
        "minecraft:ore_emerald",
        "minecraft:ore_soul_sand"
      ],
      [
        "rothal_dimension:small_rocks",
        "rothal_dimension:rothal_rocks/dream_hood/misterious_pillars"
      ],
      [
        "minecraft:lake_water",
        "rothal_dimension:rothal_lakes/dream_hood/honey_lake",
        "rothal_dimension:rothal_lakes/dream_hood/slime_lake"
      ],
      [
        "spring_water",
        "spring_closed_double",
        "spring_delta",
        "rothal_dimension:rothal_springs/dream_hood/dream_common_spring"
      ],
      [
        "minecraft:vines",
        "rothal_dimension:rothal_trees/dream_hood/big_tree",
        "rothal_dimension:rothal_trees/dream_hood/small_trees"
      ],
      [
        "patch_berry_sparse",
        "flower_warm",
        "patch_waterlilly",
        "patch_sugar_cane",
        "patch_grass_plain",
        "patch_grass_jungle",
        "minecraft:patch_berry_decorated",
        "minecraft:patch_tall_grass_2",
        "minecraft:patch_tall_grass",
        "minecraft:plain_vegetation",
        "seagrass_deep_warm",
        "kelp_warm"
      ]
    ]
  }