{
    "type": "minecraft:entity",
    "pools": [
      {
        "rolls": {
          "min": 1,
          "max": 3
        },
        "entries": [
          {
            "type": "minecraft:item",
            "name": "minecraft:gold_nugget",
            "functions": [
              {
                "function": "minecraft:set_count",
                "count": {
                  "min": 1,
                  "max": 3
                }
              },
              {
                "function": "minecraft:looting_enchant",
                "count": {
                  "min": 1,
                  "max": 4
                }
              }
            ]
          }
        ]
      }
    ]
  }