{
    "bedrock_roof_position": -10,
    "bedrock_floor_position": 0,
    "sea_level": 56,
    "disable_mob_generation": false,
    "default_block": {
      "Name": "minecraft:stone"
    },
    "default_fluid": {
      "Name": "minecraft:water",
      "Properties": {
        "level": "0"
      }
    },
    "noise": {
      "height": 256,
      "density_factor": 0.6,
      "density_offset": -0.3,
      "size_horizontal": 1,
      "size_vertical": 3,
      "simplex_surface_noise": true,
      "random_density_offset": true,
      "sampling": {
        "xz_scale": 1,
        "y_scale": 1,
        "xz_factor": 110,
        "y_factor": 160
      },
      "bottom_slide": {
        "target": -70,
        "size": 3,
        "offset": 0
      },
      "top_slide": {
        "target": -10,
        "size": 3,
        "offset": 0
      }
    },
    "structures": {
      "structures": {
        "swamp_hut": {
          "spacing": 10,
          "separation": 5,
          "salt": 0
        }
      }
    }
  }